File_name,Lips_distance,Theta,Phi,Psi,Expression1,Expression2,Expression3,Expression4,Expression5,Expression6,Expression7,Center,Bounding_box
extraction/masks/Laurine20.jpg,5.0,-19.065549292502762,5.0,-178.55879936689016,6.120229954831302e-05,3.642874798970297e-05,0.00013677201059181246,0.9856459498405457,0.0009337164228782057,0.00020842514641117305,0.012977476231753826,"[0.9985, -0.0221]",0.4
extraction/masks/Laurine21.jpg,4.0,-12.210433510916642,4.0,-178.45615417590042,0.00019588823488447812,0.0002109684573952109,0.1455656737089157,0.00535130687057972,0.7189686894416809,0.0009245073306374252,0.1287829726934433,"[0.9789, -0.023]",0.4
extraction/masks/Laurine210.jpg,4.0,-12.359289970179574,4.0,-179.5896317626107,2.5534880478517152e-05,4.6828889026073746e-05,0.0034662834368646145,0.00017709056555759162,0.9931874275207521,0.0003879636351484805,0.0027088706847280264,"[0.9556, -0.0259]",0.4
extraction/masks/Laurine2100.jpg,3.0,8.08650061346502,3.0,-179.47851780574342,0.9315084218978882,0.00032997148809954524,0.0020793345756828785,0.0006769364699721336,0.0523357093334198,0.0003327087324578315,0.01273687370121479,"[0.9324, -0.0333]",0.4
extraction/masks/Laurine2101.jpg,4.0,-2.327866445170891,4.0,176.5570793268758,0.0013535164762288332,0.00029236249974928796,0.005670944694429636,0.01829938217997551,0.6964768767356873,0.0018953945254907008,0.27601155638694763,"[0.8995, -0.0382]",0.4
extraction/masks/Laurine2102.jpg,6.0,3.3777381856558417,6.0,-174.92015972973132,0.005535927601158619,0.00012044195318594575,0.970168113708496,0.0021719017531722784,0.0009783130371943116,0.014670321717858316,0.006354924757033586,"[0.8677, -0.04]",0.4
extraction/masks/Laurine2103.jpg,3.0,-12.42727540898446,3.0,178.6302782106629,0.0059327627532184115,0.0008417512290179731,0.18036580085754395,0.5349239706993103,0.006787168793380261,0.03711366280913353,0.2340348958969116,"[0.8248, -0.0418]",0.4
extraction/masks/Laurine2104.jpg,6.0,-2.8577308301914663,6.0,-178.5048357425299,0.003045675111934543,0.0005710749537684022,0.19961723685264587,0.6694842576980591,0.010282672941684723,0.020444998517632484,0.096554197371006,"[0.7862, -0.0436]",0.4
extraction/masks/Laurine2105.jpg,6.0,7.909113094906001,6.0,-178.92256501321944,0.9656818509101868,0.00021267794363666329,0.00022431049728766084,0.0012969875242561102,0.015409741550683975,0.000165759221999906,0.017008623108267784,"[0.7491, -0.0281]",0.4
extraction/masks/Laurine2106.jpg,3.0,10.309430246210496,3.0,-178.48309686916474,0.1432877779006958,0.0005139095010235907,0.000384958868380636,0.07436751574277878,0.024524183943867683,0.0011569430353119972,0.7557646036148071,"[0.7259, -0.0302]",0.4
extraction/masks/Laurine2107.jpg,4.0,4.373805556125062,4.0,-178.699008108712,0.9674369692802428,0.00021113097318448126,0.00026609477936290205,0.0017637608107179405,0.008421179838478565,0.00019588418945204467,0.021704915910959244,"[0.6863, -0.0312]",0.4
extraction/masks/Laurine2108.jpg,6.0,-10.752072689660926,6.0,-179.42853869770025,0.030230654403567318,0.0005364525713957846,0.07484005391597748,0.006901612039655447,0.02363700978457928,0.008189948275685309,0.8556643128395081,"[0.6582, -0.0421]",0.4
extraction/masks/Laurine2109.jpg,3.0,0.24895731621286785,3.0,-179.3368486576549,0.00026210365467704827,9.273585419578012e-06,8.641364547656849e-05,0.004403499886393547,0.0008973762742243707,0.00020417167979758236,0.994137167930603,"[0.6311, -0.0446]",0.4
extraction/masks/Laurine211.jpg,3.0,-0.2415670281011028,3.0,-176.15510515305508,0.0011016188655048607,0.00016701160348020494,0.018210474401712414,0.037718866020441055,0.004275632556527853,0.021229421719908714,0.9172969460487366,"[0.6121, -0.033]",0.4
extraction/masks/Laurine2110.jpg,3.0,-21.451519435786462,3.0,179.3783417255843,0.0019517242908477785,0.00023130257613956928,0.006777212023735046,0.1459340751171112,0.015870383009314537,0.0070731183513998985,0.8221620917320251,"[0.5924, -0.0401]",0.4
extraction/masks/Laurine2111.jpg,3.0,7.84088962488865,3.0,-179.13408999711902,0.98580139875412,0.00021017914696130904,0.000337006407789886,0.0006668633432127535,0.008675009943544866,0.0001528839347884059,0.00415674177929759,"[0.5742, -0.0391]",0.4
extraction/masks/Laurine2112.jpg,3.0,-15.960921256349154,3.0,170.7750704894296,0.039395872503519065,0.0012869355268776415,0.009586681611835957,0.03078786842525005,0.0013304618187248707,0.6310027837753296,0.2866093218326569,"[0.5611, -0.0333]",0.4
extraction/masks/Laurine2113.jpg,4.242640687119285,-19.813249676460366,4.242640687119285,-179.75293504313314,0.0007065687677823008,0.00010499117342988029,0.005315206944942474,0.01581018790602684,0.003621543059125543,0.01141525898128748,0.9630261659622192,"[0.5477, -0.0367]",0.4
extraction/masks/Laurine2114.jpg,5.0,-7.650101509896596,5.0,-178.82061720169585,0.006587468087673186,0.000148746621562168,0.003079213667660952,0.011918362230062485,0.001354745589196682,0.012014119885861874,0.9648973345756532,"[0.5427, -0.0389]",0.4
extraction/masks/Laurine2115.jpg,7.0,-15.403319311682788,7.0,-179.5387449287272,0.000187619763892144,6.865729665150866e-05,0.0007866024971008301,0.9679341316223145,0.0007456968887709081,0.0007237508543767035,0.029553553089499474,"[0.5388, -0.0431]",0.4
extraction/masks/Laurine2116.jpg,7.6157731058639095,-9.519657583041683,7.6157731058639095,-178.4684931122443,0.008356193080544472,0.00048030397738330066,0.010222450830042362,0.020287184044718742,0.0018004729645326734,0.1733984351158142,0.7854548692703247,"[0.5351, -0.0451]",0.4
extraction/masks/Laurine2117.jpg,4.0,-11.117144680437974,4.0,176.48335932972907,0.0005278788157738745,1.1305051884846762e-05,0.0007751771481707692,0.0005858379881829022,0.0008686988730914892,0.0008724502986297011,0.9963586926460266,"[0.5337, -0.0467]",0.4
extraction/masks/Laurine2118.jpg,12.0,-6.275448401530082,12.0,-178.962539394356,0.031321756541728966,0.00044306853669695556,0.0016324999742209911,0.005534813739359379,0.0056505189277231685,0.03096716478466988,0.924450159072876,"[0.5366, -0.0492]",0.4
extraction/masks/Laurine2119.jpg,6.0,-6.1583296207090745,6.0,178.02292520777652,0.0013074951712042091,0.000269657262833789,0.0037199361249804492,0.3205719590187073,0.0014566624304279685,0.040209751576185226,0.6324645280838013,"[0.5412, -0.0549]",0.4
extraction/masks/Laurine212.jpg,6.708203932499369,-15.68418017330343,6.708203932499369,178.86803345328136,0.006349335424602032,5.7213073887396604e-05,0.004014924634248018,0.0013078966876491904,0.0020740164909511805,0.0025296020321547985,0.983667016029358,"[0.5506, -0.056]",0.4
extraction/masks/Laurine2120.jpg,6.708203932499369,-20.56599077877852,6.708203932499369,177.76966360690136,0.003847014857456088,0.0005204601329751314,0.16441099345684052,0.03669193759560585,0.012108715251088142,0.03551942110061645,0.7469014525413513,"[0.5647, -0.0616]",0.4
extraction/masks/Laurine2121.jpg,4.0,-16.112764210326276,4.0,-179.0799078860171,0.0058105215430259705,0.00035105602000840014,0.024526029825210568,0.0537010096013546,0.008049746975302694,0.014336524531245232,0.8932250738143921,"[0.579, -0.0678]",0.4
extraction/masks/Laurine2122.jpg,6.708203932499369,-11.559449098902967,6.708203932499369,178.92091122917304,0.00248380028642714,2.5320954591734328e-05,0.0007367096841335298,0.0006166312377899885,0.0018983087502419949,0.0010563875548541546,0.9931829571723938,"[0.5937, -0.0732]",0.4
extraction/masks/Laurine2123.jpg,3.0,-9.968023750886237,3.0,-178.44227007845683,7.044985977699979e-05,3.144765651086345e-05,0.00016893143765628338,0.9969229102134703,0.0008216366404667497,0.0001094973340514116,0.001875163405202329,"[0.6066, -0.0809]",0.4
extraction/masks/Laurine2124.jpg,3.0,5.360389566673744,3.0,-178.24639025650544,0.04102406650781632,0.0006606564857065678,0.0009229595307260752,0.1225256472826004,0.12578821182250974,0.0015067254425957801,0.7075717449188232,"[0.6248, -0.0857]",0.4
extraction/masks/Laurine2125.jpg,4.0,-15.70584383693737,4.0,-179.32597321619312,0.0003859219141304493,3.6551975881593535e-06,0.00019423868798185143,0.0002083753643091768,0.000203550691367127,0.00032027537235990167,0.9986839890480042,"[0.6385, -0.0914]",0.4
extraction/masks/Laurine2126.jpg,6.0,9.821463269729412,6.0,-179.41156631414097,0.019010432064533237,0.00039542731246910984,0.0011917066294699907,0.008440189063549042,0.5319217443466187,0.0007195331854745746,0.4383209943771362,"[0.6528, -0.0964]",0.4
extraction/masks/Laurine2127.jpg,7.0,0.6389884145245365,7.0,-174.73905739722977,0.0008934661746025085,1.4910378922650125e-05,0.00035424952511675656,0.00026285852072760463,0.002466146368533373,0.0013727664481848476,0.9946356415748596,"[0.6637, -0.1024]",0.4
extraction/masks/Laurine2128.jpg,3.0,0.8981732793592708,3.0,179.94190853206516,0.0009176988387480377,7.932003063615413e-05,0.003798956284299493,0.0016453466378152368,0.20355162024497986,0.0014556929236277938,0.7885513305664062,"[0.6787, -0.1043]",0.4
extraction/masks/Laurine2129.jpg,3.0,-18.599792214590078,3.0,179.05532774986025,0.00047525050467811525,0.00013927626423537728,0.0007527986890636383,0.25939667224884033,0.007747694384306668,0.0015375519869849086,0.7299507856369019,"[0.6907, -0.1083]",0.4
extraction/masks/Laurine213.jpg,6.0,-9.48070999567896,6.0,-177.02285349285182,0.00041347849764861166,0.00018240552162751555,0.0005303488578647375,0.861515998840332,0.013054970651865005,0.0011753810103982687,0.12312735617160794,"[0.7054, -0.1078]",0.4
extraction/masks/Laurine2130.jpg,3.0,-4.2818688733945,3.0,-177.50429978381345,0.0019739405252039433,0.00029070343589410186,0.006040019448846579,0.2939908504486084,0.004183629062026739,0.020823504775762558,0.6726973056793213,"[0.717, -0.1044]",0.4
extraction/masks/Laurine2131.jpg,7.0,-6.764198437638772,7.0,179.96383241839905,0.029707152396440506,0.0012009398778900506,0.015230498276650906,0.3752411305904389,0.004620069172233343,0.03856950625777245,0.5354306697845459,"[0.7274, -0.1042]",0.4
extraction/masks/Laurine2132.jpg,6.0,8.216969580024672,6.0,-178.56237242682622,0.8864603638648987,0.0005211661336943507,0.00038953582406975334,0.012076612561941149,0.029824890196323395,0.00041077277273871005,0.07031671702861786,"[0.7365, -0.1066]",0.4
extraction/masks/Laurine2133.jpg,3.0,-7.160982132019626,3.0,-177.5312252350741,0.0019173435866832735,5.292579226079397e-05,0.0002774317108560353,0.0041517759673297405,0.0003978215390816331,0.00891020707786083,0.9842925667762756,"[0.746, -0.1138]",0.4
extraction/masks/Laurine2134.jpg,4.0,-2.8213727695960427,4.0,-179.2198070655661,0.000515698513481766,4.4273379899095744e-05,0.9742602705955504,0.0011148711200803518,0.0006587767857126893,0.02055646851658821,0.00284958491101861,"[0.756, -0.1142]",0.4
extraction/masks/Laurine2135.jpg,5.0,4.393498925865687,5.0,-179.17198411151406,0.989900290966034,0.0002403440739726648,0.00021245596872176972,0.00048480925033800304,0.008305277675390244,6.402281724149361e-05,0.0007927599945105612,"[0.766, -0.1167]",0.4
extraction/masks/Laurine2136.jpg,3.0,-8.759174502353707,3.0,-179.34186868662454,0.002929693786427379,8.122755389194937e-05,0.004598660860210657,0.0028780854772776365,0.010003488510847092,0.002497891429811716,0.9770109057426452,"[0.7752, -0.1171]",0.4
extraction/masks/Laurine2137.jpg,6.708203932499369,4.594148202351387,6.708203932499369,-179.02797730453952,0.35121849179267883,0.0010117590427398682,0.0010636427905410528,0.006806275807321072,0.5975977778434753,0.0005396642372943461,0.041762374341487885,"[0.7798, -0.1222]",0.4
extraction/masks/Laurine2138.jpg,6.0,-0.6656508813596398,6.0,-178.99909860593033,0.00994194857776165,8.799929491942748e-05,0.0012772375484928489,0.002261026529595256,0.0008431504829786718,0.009222283028066158,0.9763662815093994,"[0.7826, -0.1224]",0.4
extraction/masks/Laurine2139.jpg,6.0,-10.251888196862854,6.0,179.4750625069425,0.0068462640047073356,0.0007230757619254291,0.05287748575210571,0.7325068116188049,0.0076674562878906736,0.014159876853227615,0.18521903455257416,"[0.7849, -0.1242]",0.4
extraction/masks/Laurine214.jpg,3.0,-9.70265137012183,3.0,177.87080484765823,0.032214272767305374,0.0007530329748988153,0.5651816129684448,0.009164166636765005,0.012142914347350596,0.050965424627065666,0.3295785188674927,"[0.7856, -0.1261]",0.4
extraction/masks/Laurine2140.jpg,7.0,-13.405194249094045,7.0,-177.96473785801498,0.00015762112161610276,0.00016889296239241958,0.07197658717632294,0.003985972609370947,0.8368977904319763,0.0006526296492666006,0.08616045117378235,"[0.7821, -0.1268]",0.4
extraction/masks/Laurine2141.jpg,3.0,9.457073778555348,3.0,-178.6403718851179,0.9894461035728456,0.00013056826719548553,0.00013791651872452348,0.001327943871729076,0.002492146799340844,0.00010817244037752972,0.006357187405228615,"[0.7789, -0.1273]",0.4
extraction/masks/Laurine2142.jpg,4.0,0.4534280588499648,4.0,-179.11284882827874,0.00014589825877919793,4.35860511061037e-06,3.771822593989782e-05,0.0022324926685541873,0.0005177767015993595,0.00012550904648378491,0.9969363212585448,"[0.7728, -0.1311]",0.4
extraction/masks/Laurine2143.jpg,4.0,-12.642644103115115,4.0,-178.5774971339904,0.0018837046809494493,4.726658517029136e-05,0.0011985019082203507,0.02057317830622196,0.0013668265892192721,0.0006331956828944385,0.9742972850799559,"[0.7666, -0.1333]",0.4
extraction/masks/Laurine2144.jpg,4.0,-20.995712018363555,4.0,-176.25224912898727,0.0011637505376711488,7.892129360698164e-05,0.0002579746069386601,0.027478964999318126,0.0020963838323950768,0.0019405252533033488,0.9669833779335022,"[0.7628, -0.1334]",0.4
extraction/masks/Laurine2145.jpg,6.708203932499369,5.929737938834674,6.708203932499369,-178.86944829394037,0.001814789487980306,0.00013230368494987488,0.005090292077511549,0.0030412992928177123,0.15292267501354218,0.00202840194106102,0.8349703550338745,"[0.755, -0.1342]",0.4
extraction/masks/Laurine2146.jpg,7.0,5.38642508041566,7.0,179.19182518594496,0.021686755120754242,0.0001145843925769441,0.0027701789513230324,0.0009465310140512883,0.0011959203984588385,0.01368539035320282,0.9596006274223328,"[0.7473, -0.1364]",0.4
extraction/masks/Laurine2147.jpg,4.242640687119285,3.2507558039551685,4.242640687119285,179.93441683050165,0.0656876191496849,0.0006501582101918758,0.001225306885316968,0.15669173002243042,0.05129197612404823,0.002316863276064396,0.7221363186836243,"[0.7378, -0.1405]",0.4
extraction/masks/Laurine2148.jpg,6.0,10.601613767724237,6.0,-178.10589281990246,0.97999107837677,0.0002501866838429123,0.00023388362023979423,0.002218487672507763,0.007298238575458527,0.00018849600746762007,0.009819631464779377,"[0.7173, -0.1437]",0.4
extraction/masks/Laurine2149.jpg,4.0,-2.02583927277075,4.0,-176.35525090788974,0.00179168616887182,0.000909330730792135,0.5762948989868164,0.009547575376927851,0.3458165228366852,0.0058543188497424134,0.0597856231033802,"[0.7052, -0.151]",0.4
extraction/masks/Laurine215.jpg,4.0,6.482400809791242,4.0,-179.619484578631,0.9716551899909972,0.0002167558268411085,0.0004393539566081017,0.00045835424680262804,0.02214045450091362,0.00013408277300186455,0.004955749958753586,"[0.6912, -0.1529]",0.4
extraction/masks/Laurine2150.jpg,7.0,-10.16903386415836,7.0,-176.45635518908034,0.0007557038916274905,0.00023724403581582013,0.0014617567649111152,0.9595972299575806,0.013038838282227516,0.0006838939152657987,0.024225400760769844,"[0.6844, -0.1584]",0.4
extraction/masks/Laurine2151.jpg,6.0,3.139194837569101,6.0,-177.6657315046173,0.007197956088930368,0.00039627478690817947,0.2303535491228104,0.009224509820342064,0.0864640325307846,0.0060580624267458924,0.6603056192398071,"[0.6771, -0.1626]",0.4
extraction/masks/Laurine2152.jpg,3.0,-12.423624979469393,3.0,179.6956772428833,0.00017811096040531993,0.00013363770267460495,0.0185799989849329,0.0011870774906128645,0.9683920741081238,0.0002135455142706633,0.011315647512674332,"[0.6714, -0.1622]",0.4
extraction/masks/Laurine2153.jpg,3.0,2.550918593633626,3.0,179.4149663788355,0.0018773468909785151,0.00021535683481488377,0.02684619277715683,0.0018285082187503574,0.5134440064430237,0.002471020445227623,0.4533175826072693,"[0.6666, -0.1636]",0.4
extraction/masks/Laurine2154.jpg,7.0,4.154897052590717,7.0,-178.74866300710312,0.013473248109221458,0.0003323193814139813,0.0006680741789750755,0.005926935002207756,0.5588411688804626,0.0015957104042172432,0.4191624522209168,"[0.6649, -0.1608]",0.4
extraction/masks/Laurine2155.jpg,6.0,7.437806892862437,6.0,-178.98807327862943,0.07041718065738678,0.0003750241594389081,0.0011822141241282225,0.004106047563254833,0.5533928871154785,0.0008836364140734076,0.36964297294616705,"[0.6625, -0.1616]",0.4
extraction/masks/Laurine2156.jpg,4.0,5.554142030970931,4.0,-178.62016320008618,0.9464848041534424,0.00037949252873659134,0.00020482104446273297,0.0033903471194207673,0.026970628648996357,0.0002162545133614913,0.02235365658998489,"[0.66, -0.1607]",0.4
extraction/masks/Laurine2157.jpg,4.0,-22.720364953237357,4.0,-178.26225350247842,0.0022777658887207512,2.739832962106448e-05,0.0004103752144146711,0.0005854885675944388,0.001118192682042718,0.0020624652970582247,0.9935182929039,"[0.657, -0.1595]",0.4
extraction/masks/Laurine2158.jpg,3.0,-15.494149307911865,3.0,-177.25895224635312,0.000495821179356426,6.0916911024833105e-05,0.00046812326763756573,0.01929039321839809,0.002674518618732691,0.003165048314258456,0.9738451838493348,"[0.6521, -0.1598]",0.4
extraction/masks/Laurine2159.jpg,4.0,15.01300768627634,4.0,-106.8579112875799,0.0074112000875175,0.0009026515763252975,0.01064077112823725,0.055093228816986084,0.0021839889232069254,0.5470120310783386,0.3767561614513397,"[0.65, -0.1655]",0.4
extraction/masks/Laurine216.jpg,7.0,-4.307438012482806,7.0,-179.2191615854377,0.0018935523694381122,0.0003755243378691375,0.016374368220567703,0.10189593583345412,0.04663858190178871,0.005954086780548096,0.8268678188323975,"[0.6495, -0.1645]",0.4
extraction/masks/Laurine2160.jpg,4.0,2.9467139605382973,4.0,-174.73107951539203,0.0009102766052819787,0.00014742232451681048,0.004725593142211436,0.2020334005355835,0.0030954419635236268,0.0070403036661446095,0.7820475697517395,"[0.6497, -0.1668]",0.4
extraction/masks/Laurine2161.jpg,3.0,-4.543464455994209,3.0,-178.7762540774854,0.0040372209623456,0.0006063112523406744,0.5694407224655151,0.06140923500061035,0.01913030445575714,0.06745652854442596,0.2779196798801422,"[0.6497, -0.1687]",0.4
extraction/masks/Laurine2162.jpg,2.8284271247461903,-5.112651153011332,2.8284271247461903,179.89764818541167,0.03014559485018253,0.00010279954585712403,0.003078908426687121,0.0011632246896624565,0.0018095844425261018,0.003314198926091194,0.9603856205940248,"[0.6517, -0.1679]",0.4
extraction/masks/Laurine2163.jpg,7.0,-9.43965806595317,7.0,179.28390888183282,0.0032071692403405905,0.00029638520209118724,0.005352952051907778,0.016655998304486275,0.0021538373548537493,0.11983354389667512,0.8525001406669617,"[0.659, -0.1672]",0.4
extraction/masks/Laurine2164.jpg,6.708203932499369,-4.2364301433908125,6.708203932499369,179.73714340352475,0.0014788549160584807,3.230593210901134e-05,0.9721695780754088,0.001134051475673914,0.002039129845798016,0.0007933105807751418,0.02235286869108677,"[0.6689, -0.1688]",0.4
extraction/masks/Laurine2165.jpg,3.0,-11.019781471812463,3.0,-177.86074652104514,2.1980789824738167e-05,9.925798622134607e-06,2.1317922801245004e-05,0.999357521533966,0.00020042395044583827,2.674734059837647e-05,0.00036208049277774984,"[0.6802, -0.1671]",0.4
extraction/masks/Laurine2166.jpg,6.0,-5.604146217947842,6.0,-175.99430526166458,0.002028790069743991,2.280001172039192e-05,0.0007288993801921606,0.00022305383754428482,0.0027864279691129927,0.0018559575546532872,0.9923540353775024,"[0.6917, -0.1656]",0.4
extraction/masks/Laurine2167.jpg,6.0,-0.5706597696729839,6.0,-173.01863184436885,0.0015246715629473329,2.7853026040247638e-05,0.0015880503924563527,0.0004300863656681031,0.0032632055226713423,0.00307446694932878,0.9900915622711182,"[0.6982, -0.1661]",0.4
extraction/masks/Laurine2168.jpg,3.0,-7.210183409545205,3.0,-179.36294012148846,0.01407778263092041,0.0010744823375716805,0.010081181302666664,0.2998208701610565,0.003986800089478493,0.1314789205789566,0.5394799709320068,"[0.7042, -0.1653]",0.4
extraction/masks/Laurine2169.jpg,7.6157731058639095,0.4164537139646761,7.6157731058639095,-179.74337144811443,0.002605159068480134,0.00010820314491866156,0.00015838594117667526,0.21694789826869965,0.002025829628109932,0.0008503380231559278,0.7773042321205139,"[0.6978, -0.1617]",0.4
extraction/masks/Laurine217.jpg,4.0,-5.230390567045768,4.0,-179.5507157129163,0.00035618917900137603,9.691103332443164e-05,8.688697562320158e-05,0.7703539729118347,0.0005460160900838673,0.0019012070260941984,0.22665879130363464,"[0.6866, -0.1599]",0.4
extraction/masks/Laurine2170.jpg,3.0,2.4363204697902234,3.0,-178.97855701166577,0.12546348571777344,0.000743421318475157,0.0016790215158835053,0.04382237046957016,0.18880489468574524,0.00160162930842489,0.6378852128982544,"[0.6818, -0.1556]",0.4
extraction/masks/Laurine2171.jpg,7.0,11.321855462296124,7.0,-179.24447231136506,0.5472530126571655,0.0006126897060312331,0.0016091455472633245,0.014036679640412329,0.06203261390328407,0.001286877552047372,0.3731689155101776,"[0.6788, -0.1554]",0.4
extraction/masks/Laurine2172.jpg,7.0,-6.897218691767209,7.0,177.8625040463042,0.000627994304522872,5.120466539665358e-06,0.00014310331607703117,0.00018526452186051762,0.0004913208540529013,0.00031531389686279,0.9982318282127379,"[0.6764, -0.1578]",0.4
extraction/masks/Laurine2173.jpg,3.0,-2.187892161646561,3.0,-179.27117956117922,0.0014023866970092056,0.00017452459724154323,0.002921506529673934,0.07034014165401459,0.024712754413485527,0.0016633555060252547,0.8987853527069092,"[0.6722, -0.1586]",0.4
extraction/masks/Laurine2174.jpg,7.0,-4.110030364433327,7.0,-179.67176837594582,0.00024923289311118424,3.838092652586057e-06,3.2867963454918936e-05,0.0012509934604167938,0.00039927416946738964,0.00011676967551466079,0.9979471564292908,"[0.6754, -0.165]",0.4
extraction/masks/Laurine2175.jpg,4.0,-7.950369340639546,4.0,179.11809290180145,0.0061465646140277394,2.790011785691604e-05,0.0013243313878774645,0.00027855017106048763,0.0018998733721673489,0.0016990713775157928,0.9886237382888794,"[0.6684, -0.1683]",0.4
extraction/masks/Laurine2176.jpg,4.242640687119285,5.217999346830753,4.242640687119285,-179.75572822121455,0.9285234808921814,0.00025592526071704924,0.00032901595113798976,0.0036066235043108468,0.009161759167909622,0.00028375876718200743,0.05783941596746445,"[0.6644, -0.1791]",0.4
extraction/masks/Laurine2177.jpg,8.06225774829855,-3.385699129880317,8.06225774829855,-178.4786619769183,0.034342139959335334,0.0014470857568085196,0.11443107575178145,0.0595279261469841,0.3804534077644348,0.011090531945228577,0.3987078368663788,"[0.6588, -0.2056]",0.4
extraction/masks/Laurine2178.jpg,3.0,-11.338288234478616,3.0,-177.6377144390373,0.03296331316232681,0.000964776030741632,0.041493590921163566,0.021096231415867802,0.496528297662735,0.004730623215436935,0.40222322940826416,"[0.6544, -0.2074]",0.4
extraction/masks/Laurine2179.jpg,7.6157731058639095,-17.103941714292716,7.6157731058639095,-178.16531533346412,0.00024959267466329044,0.0001442214852431789,0.0013382525648921726,0.9682915806770324,0.0010022706119343636,0.0067436378449201575,0.02223040722310543,"[0.6504, -0.2029]",0.4
extraction/masks/Laurine219.jpg,4.0,0.15020810571900642,4.0,-178.7444832586697,0.09154589474201202,0.0006091098766773938,0.0008791825384832919,0.033607371151447296,0.2427473068237305,0.001366245560348034,0.629244863986969,"[0.6378, -0.2051]",0.4
extraction/masks/Laurine22.jpg,7.0,3.5905969635491126,7.0,-179.17392408893474,0.9766417145729064,0.0001711633667582646,0.0002324724337086081,0.0013976675691083074,0.004996333736926317,0.0001950936421053484,0.016365483403205868,"[0.6369, -0.1934]",0.4
extraction/masks/Laurine220.jpg,3.0,-4.780061397292767,3.0,-178.82925942140994,0.00041735783452168107,3.668147473945281e-05,0.0002560983703006059,0.013035712763667108,0.0034104972146451478,0.0008835638291202487,0.9819600582122804,"[0.6289, -0.1993]",0.4
extraction/masks/Laurine221.jpg,6.0,-7.732055729708207,6.0,-179.35213456079467,0.0001686543255345896,8.596303086960688e-05,0.0013670574408024552,0.9934043288230896,0.00033867775346152484,0.0012491311645135286,0.003386172698810697,"[0.6235, -0.197]",0.4
extraction/masks/Laurine222.jpg,7.0,-3.3869576105204318,7.0,-177.4395103320477,0.01980599388480186,0.0004064769891556352,0.0586303323507309,0.010314548388123512,0.030691772699356083,0.005324834026396275,0.8748260140419006,"[0.6202, -0.202]",0.4
extraction/masks/Laurine223.jpg,3.0,-8.996340583021686,3.0,-179.48900725121868,0.00013161054812371728,4.118538072361844e-06,7.299010030692443e-05,0.0010733419330790641,0.0001067000484908931,0.0005113144870847464,0.9980999827384948,"[0.6004, -0.2173]",0.4
extraction/masks/Laurine224.jpg,7.0,-18.768475554949635,7.0,-178.77721502649052,0.001773427124135196,0.0002713798603508621,0.013597401790320872,0.04872408509254456,0.0053800903260707855,0.03938756510615349,0.8908661007881165,"[0.6058, -0.2133]",0.4
extraction/masks/Laurine225.jpg,3.0,8.474627968732541,3.0,-178.20683454864468,0.6590826511383057,0.001113282167352736,0.0007398842717520893,0.03599752858281136,0.12591999769210815,0.000764423341024667,0.17638221383094788,"[0.6044, -0.222]",0.4
extraction/masks/Laurine226.jpg,3.0,-14.87934785441508,3.0,-178.7452817644705,0.003277974436059594,6.863658927613868e-05,0.005982315167784691,0.0018029032507911325,0.0023917511571198698,0.0062525179237127295,0.9802238941192628,"[0.6108, -0.2199]",0.4
extraction/masks/Laurine227.jpg,5.0,-1.9918045307732342,5.0,-173.54127911634419,0.0038932091556489468,3.8804024370620034e-05,0.006467096507549286,0.00047617917880415916,0.001130980090238154,0.006249365396797657,0.9817442297935486,"[0.6293, -0.2247]",0.4
extraction/masks/Laurine228.jpg,4.242640687119285,-27.60944427436232,4.242640687119285,-178.2868509820605,0.0020608522463589907,0.00028247843147255486,0.014597877860069275,0.03511301055550575,0.002348396927118301,0.09698205441236496,0.8486152887344359,"[0.6725, -0.2153]",0.4
extraction/masks/Laurine229.jpg,3.0,-10.912842342201712,3.0,-179.29713469466574,0.00033835149952210486,1.712069206405431e-05,0.0005715740262530744,0.008241725154221058,0.00026891575544141233,0.0014085248112678528,0.9891538023948668,"[0.6838, -0.1828]",0.4
extraction/masks/Laurine23.jpg,3.0,-8.983315636776991,3.0,-174.07057068106354,0.00017823738744482398,2.1435829694382846e-05,0.00044974559568800027,0.004187009762972593,0.0014243015320971608,0.00259521440602839,0.9911441802978516,"[0.6906, -0.1796]",0.4
extraction/masks/Laurine230.jpg,4.0,10.258985200599264,4.0,-178.67806240936085,0.9838363528251648,0.0001709955104161054,0.0001625877048354596,0.0013443927746266127,0.006054359022527933,0.00011988350888714194,0.008311429992318153,"[0.6953, -0.1769]",0.4
extraction/masks/Laurine231.jpg,3.0,-11.473348548324845,3.0,175.9299061182335,0.006471523549407721,0.0003969759272877127,0.005413775332272053,0.04315400496125221,0.002537291031330824,0.08366208523511888,0.8583644032478333,"[0.6973, -0.1782]",0.4
extraction/masks/Laurine232.jpg,4.0,-4.970346764015633,4.0,179.31679086518872,0.00022865070786792782,6.712626054650174e-05,0.0006131672416813673,0.8444343805313109,0.0009202426299452783,0.0005037159426137805,0.1532326191663742,"[0.7007, -0.1806]",0.4
extraction/masks/Laurine233.jpg,5.656854249492381,-8.113414181060762,5.656854249492381,-179.30767178491246,0.09504123032093048,0.0019029367249459028,0.5581445097923279,0.027722738683223724,0.22160717844963074,0.01619551330804825,0.07938598841428758,"[0.7048, -0.1788]",0.4
extraction/masks/Laurine234.jpg,4.0,-18.530783896644547,4.0,-178.28069208491954,0.0004703559679910541,0.00010761754674604164,0.00020293098350521177,0.7213934063911438,0.0019573564641177654,0.0009798890678212047,0.2748884260654449,"[0.7152, -0.1758]",0.4
extraction/masks/Laurine235.jpg,3.0,3.3619700520402063,3.0,-179.27432494563098,0.6982004046440125,0.0008074298384599388,0.0008913514320738614,0.008235303685069084,0.16553525626659393,0.0008412270690314473,0.12548896670341492,"[0.7302, -0.1768]",0.4
extraction/masks/Laurine236.jpg,3.0,-2.0121736323921753,3.0,-179.10903429562737,0.005112257786095142,0.00035717079299502075,0.008991612121462822,0.05241483822464943,0.028307808563113213,0.007438561413437128,0.8973777294158936,"[0.7451, -0.1792]",0.4
extraction/masks/Laurine237.jpg,6.0,-4.773925365792986,6.0,-179.31249019831372,0.0006695960182696581,7.371220272034407e-05,0.9774851202964784,0.005073916632682085,0.003941622562706471,0.0018009564373642204,0.010955000296235085,"[0.7523, -0.1731]",0.4
extraction/masks/Laurine238.jpg,4.0,2.0030132018060924,4.0,179.8581129137209,0.7245109081268309,0.0005969763151369988,0.0014245588099583983,0.008399713784456253,0.0841914713382721,0.0010434318101033568,0.17983290553092954,"[0.7569, -0.172]",0.4
extraction/masks/Laurine239.jpg,3.0,-4.173998541102879,3.0,-179.78933464906663,0.011575096286833286,0.0002909884206019342,0.0034125521779060364,0.007434637751430273,0.003000060329213739,0.030557090416550636,0.9437296390533448,"[0.7566, -0.1638]",0.4
extraction/masks/Laurine24.jpg,4.0,1.0144847422859558,4.0,-173.87135369092067,0.0015922981547191741,5.268193854135461e-05,0.0014327313983812928,0.0006721675745211543,0.0059203519485890865,0.0072975638322532186,0.9830323457717896,"[0.7618, -0.16]",0.4
extraction/masks/Laurine240.jpg,3.0,-10.706967658014221,3.0,-179.21666523467545,4.054302189615555e-05,1.8703090972849168e-05,6.201778160175309e-05,0.995879054069519,6.554638821398841e-05,0.0005325363017618656,0.0034016664139926434,"[0.7668, -0.164]",0.4
extraction/masks/Laurine241.jpg,4.0,-5.917241249024662,4.0,-176.37784293157026,0.023557199165225032,0.0011708226520568132,0.06636811047792435,0.032338593155145645,0.489873468875885,0.007093216292560101,0.37959858775138855,"[0.7826, -0.1797]",0.4
extraction/masks/Laurine242.jpg,7.0,-34.03128074946344,7.0,-179.23834797858555,0.0017580711282789707,0.0002750529092736542,0.013286327943205832,0.003468068316578865,0.0003975763393100351,0.9718177318572998,0.008997226133942604,"[0.7991, -0.1846]",0.4
extraction/masks/Laurine243.jpg,9.0,0.9838046377231592,9.0,-179.22454358540313,0.004948911257088184,0.000391217676224187,0.030445262789726257,0.035864632576704025,0.026744930073618892,0.009731576777994631,0.8918734192848206,"[0.8029, -0.1807]",0.4
extraction/masks/Laurine244.jpg,4.0,2.0558750238458288,4.0,-179.49306692621803,0.010383844375610352,0.0006009744829498231,0.18682797253131864,0.007060727570205927,0.6945423483848572,0.0033937902189791203,0.09719032049179076,"[0.8222, -0.1734]",0.4
extraction/masks/Laurine245.jpg,3.0,-2.4076569059218187,3.0,179.2303776481215,0.006278450135141611,7.345381163759157e-05,0.002599427942186594,0.0009052950772456824,0.000937751028686762,0.010566918179392816,0.9786387085914612,"[0.8446, -0.1817]",0.4
extraction/masks/Laurine246.jpg,6.0,0.6808926343458476,6.0,-178.70364452657262,0.08589617162942886,0.001808745786547661,0.5522143244743347,0.02024088054895401,0.19999103248119354,0.048637352883815765,0.09121154248714447,"[0.8649, -0.1815]",0.4
extraction/masks/Laurine247.jpg,6.0,3.5548996517576503,6.0,-179.79165766310868,0.8533231019973755,0.00044036476174369454,0.0006509677623398602,0.0021341480314731602,0.08916478604078293,0.000522501184605062,0.053764205425977714,"[0.8827, -0.1761]",0.4
extraction/masks/Laurine248.jpg,6.708203932499369,-7.676605991063062,6.708203932499369,179.71292494456205,0.0018947500502690675,0.0005973983206786215,0.07307076454162598,0.21700213849544525,0.026576748117804527,0.04642840102314949,0.6344298124313354,"[0.8925, -0.1678]",0.4
extraction/masks/Laurine249.jpg,7.0,2.018406895490368,7.0,-178.0878714199154,0.0011035121278837323,7.219221151899546e-05,0.011167537420988085,0.0007659296970814465,0.014955992810428144,0.019766109064221386,0.9521687626838684,"[0.9121, -0.1703]",0.4
extraction/masks/Laurine25.jpg,7.0,0.5574144772344423,7.0,-179.13354360475518,0.9773538708686828,0.0002552772930357605,0.0005616301787085831,0.0005895746289752424,0.01823381148278713,0.0001174287244793959,0.0028884406201541424,"[0.9215, -0.1567]",0.4
extraction/masks/Laurine250.jpg,5.0,-3.078007750169109,5.0,178.74875315677806,0.0001834650029195473,0.00011847731366287916,0.001563409809023142,0.9307109713554382,0.00010140213271370158,0.060968954116106026,0.006353289354592562,"[0.915, -0.1494]",0.4
extraction/masks/Laurine251.jpg,7.0,-16.43251091371393,7.0,179.31207383197145,0.001989863812923432,9.844130545388907e-05,0.010485470294952393,0.024325592443346974,0.0014244363410398366,0.00796685554087162,0.953709363937378,"[0.908, -0.1328]",0.4
extraction/masks/Laurine252.jpg,4.0,-1.9221431721125477,4.0,-178.19085137395103,0.0006140462937764822,6.0281003243289895e-05,0.0001234281517099589,0.04874980449676514,0.0022748170886188745,0.001905846758745611,0.94627183675766,"[0.9023, -0.1274]",0.4
extraction/masks/Laurine253.jpg,3.0,-11.554961078601716,3.0,179.55925670109661,0.0007544615655206144,7.1604022195970165e-06,0.00028117658803239465,0.0001959594083018601,0.0006478702998720111,0.0004895872552879156,0.9976237416267396,"[0.9027, -0.128]",0.4
extraction/masks/Laurine254.jpg,3.0,-2.3800928288608105,3.0,179.96113988034827,0.0009994942229241133,2.4339917217730545e-05,0.00010816569556482136,0.014686731621623041,0.0012771351030096412,0.0003520413010846824,0.982552170753479,"[0.9062, -0.1292]",0.4
extraction/masks/Laurine31.jpg,26.0,-11.19199107190466,26.0,-178.80753913204913,2.994739224959631e-05,1.2024688658129891e-05,2.144180507457349e-05,0.9998195767402648,1.688737393124029e-05,7.778163126204163e-05,2.2453359633800574e-05,"[1.1411, -0.015]",0.4
extraction/masks/Laurine310.jpg,4.0,5.572223414742291,4.0,-176.9580686520735,0.003983636386692524,0.00022162128880154341,0.07850570231676103,0.17992448806762695,0.004562971647828817,0.002584331436082721,0.7302171587944031,"[1.1565, -0.0366]",0.4
extraction/masks/Laurine311.jpg,5.385164807134505,2.7842610790021007,5.385164807134505,175.0019776503153,0.012227647937834265,0.0003355933004058897,0.24730782210826874,0.0062210983596742144,0.011182215064764023,0.00546469958499074,0.7172609567642212,"[0.7677, -0.0136]",0.4
extraction/masks/Laurine312.jpg,7.0,-6.995451364112558,7.0,-178.53237662699428,0.00043862295569852,0.00014146397006697953,0.0024327447172254324,0.6050844192504883,0.0013308663619682193,0.0019901199266314507,0.3885817527770996,"[0.5102, -0.0704]",0.4
extraction/masks/Laurine313.jpg,22.36067977499789,-7.566718543369307,22.36067977499789,-179.09330890083837,3.9576094422955066e-05,1.2272489584574942e-05,8.486672413710039e-06,0.9998187422752379,1.4798607480770444e-05,6.0743179346900427e-05,4.5400443923426785e-05,"[0.4644, -0.2496]",0.4
extraction/masks/Laurine314.jpg,3.0,1.7125581959279268,3.0,-176.19119018292548,0.0009247293346561493,9.631766442907974e-05,0.004566551651805639,0.15667973458766934,0.0020422530360519886,0.001438510837033391,0.8342518806457521,"[0.6643, -0.2422]",0.4
extraction/masks/Laurine315.jpg,3.0,5.445470802660261,3.0,-178.61325649750702,0.0005221367464400828,9.249209688277916e-05,0.2460653036832809,0.0030455170199275017,0.07946621626615524,0.0024910536594688892,0.6683172583580017,"[0.8707, 0.1099]",0.4
extraction/masks/Laurine316.jpg,8.0,-26.11645478203984,8.0,-176.09957036664716,0.00040490506216883665,0.00019555709150154144,0.0367082804441452,0.021543240174651142,0.08638259768486023,0.004945561289787293,0.8498198986053467,"[0.6655, -0.0707]",0.4
extraction/masks/Laurine317.jpg,3.0,-15.23142807318548,3.0,-179.7494345754366,3.9349448343273245e-05,1.5378253010567278e-05,2.5743489459273405e-05,0.9973033666610718,6.798955291742459e-05,0.00019941375649068505,0.0023487363941967487,"[0.5548, 0.0302]",0.4
extraction/masks/Laurine318.jpg,3.0,4.202950046035228,3.0,179.73681894877774,2.530077108531259e-05,8.361876098206267e-06,1.4451580682361966e-05,0.999679684638977,5.411970414570533e-05,3.9248345274245366e-05,0.00017884295084513724,"[0.5237, 0.0552]",0.4
extraction/masks/Laurine319.jpg,4.0,-26.19375074622751,4.0,-178.67417866632462,1.3095082067593465e-05,4.996270945412107e-06,1.2068104297213722e-05,0.9998778104782104,1.3878199752070941e-05,3.848792403005064e-05,3.965497671742924e-05,"[0.8895, -0.135]",0.4
extraction/masks/Laurine32.jpg,6.0,-14.843015783315785,6.0,-177.58093620287025,7.41164039936848e-05,0.00010887021198868753,0.005238731857389212,0.9871031641960144,0.0003543660277500749,0.005934732500463724,0.0011860484955832364,"[1.0576, 0.0293]",0.4
extraction/masks/Laurine320.jpg,9.848857801796104,-28.489742569174002,9.848857801796104,-178.00862085862488,0.00028668725281022484,0.0002487584133632481,0.005110478028655052,0.9166546463966371,0.02873662859201432,0.0008651288226246834,0.0480976365506649,"[0.8342, 0.1397]",0.4
extraction/masks/Laurine321.jpg,3.0,-9.135460455363956,3.0,-179.79643688547782,0.0001358493318548426,1.3114691682858393e-05,0.0005318797775544226,0.005055875051766634,0.000992668210528791,0.0007537553901784122,0.9925169348716736,"[0.8143, 0.1654]",0.4
extraction/masks/Laurine40.jpg,9.0,-1.1874423726807042,9.0,-178.91839398108985,0.005381173919886351,0.00021952755923848602,0.013578813523054123,9.2874608526472e-05,0.977259397506714,0.0002137321134796366,0.003254467621445656,"[0.9468, -0.0087]",0.4
extraction/masks/Laurine41.jpg,3.0,-6.2606384864949725,3.0,-178.0148263063578,0.0763794332742691,0.0006066444329917432,0.005378358531743288,0.0010842856718227267,0.9093430638313292,0.00021715142065659165,0.006991066969931126,"[1.2427, -0.1516]",0.4
extraction/masks/Laurine410.jpg,4.0,-0.03752718864477489,4.0,-179.20818898448516,0.0005183453904464841,6.36089826002717e-05,0.0008527263416908681,0.025067323818802837,0.025315789505839348,0.0005413199542090297,0.9476409554481506,"[1.0198, -0.1569]",0.4
extraction/masks/Laurine411.jpg,6.0,-10.924736223013921,6.0,-179.58471272301992,0.0455293133854866,0.0006176303722895683,0.008656226098537445,0.004406930878758431,0.9043974876403807,0.0004732191155198962,0.03591914847493172,"[1.1307, 0.0279]",0.4
extraction/masks/Laurine412.jpg,7.0,-0.3911768374691373,7.0,-178.7758658754361,0.0003809984482359141,0.0001267522166017443,0.0038864118978381157,0.9377470612525941,0.0011375114554539325,0.001938435365445912,0.05478281527757645,"[1.1307, 0.0279]",0.4
extraction/masks/Laurine413.jpg,3.0,-5.1247867348840614,3.0,179.81928121444355,3.0421486371778886e-05,7.767698662064504e-06,8.134486961353105e-06,0.9994133710861206,5.427216092357412e-05,3.119576649623923e-05,0.00045483274152502423,"[0.9905, -0.1991]",0.4
extraction/masks/Laurine414.jpg,6.0,-9.208494798104132,6.0,-179.1122184652413,0.012997852638363838,0.00024340319214388725,0.008462214842438698,0.0012822631979361176,0.6313179135322571,0.0008452893816865982,0.3448510468006134,"[1.3401, -0.2196]",0.4
extraction/masks/Laurine415.jpg,47.0,-19.45957666424547,47.0,-179.2077571896245,0.002306822454556823,0.00018217420438304543,0.9003394842147827,0.00045127398334443564,0.001605470897629857,0.09450238198041916,0.0006124003557488322,"[1.347, -0.3152]",0.4
extraction/masks/Laurine416.jpg,34.0,3.6259591784915455,34.0,-178.05015003352753,0.9486799836158752,0.000249583477852866,0.031548898667097085,0.00021737792121712118,0.00020558605319820344,0.018706368282437325,0.0003922049072571099,"[1.347, -0.3152]",0.4
extraction/masks/Laurine417.jpg,4.0,-4.9196999911742765,4.0,-178.4090156137096,0.003594788024201989,7.942457887111232e-05,0.0005038022063672543,0.0004928826820105313,0.9130353331565856,0.00019618311489466578,0.0820976123213768,"[0.6885, 0.2726]",0.4
extraction/masks/Laurine42.jpg,10.0,-11.85373972193849,10.0,-179.15508855201713,0.00038214182131923735,6.64102190057747e-05,0.0002590233343653381,0.2609131634235382,0.0047756978310644635,0.00036480071139521897,0.7332387566566467,"[0.7757, 0.2086]",0.4
extraction/masks/Laurine43.jpg,6.0,-5.5033270174166855,6.0,-179.24993267905373,0.0036995732225477695,0.00021617484162561595,0.00024808666785247624,0.5069452524185181,0.0136652123183012,0.0007683024741709232,0.4744573533535004,"[0.7237, 0.2434]",0.4
extraction/masks/Laurine44.jpg,7.0,-8.191316898369228,7.0,-179.2466394411716,0.0035309309605509047,0.00015685425023548302,0.00033735751640051603,0.006594700738787651,0.6795473098754883,0.00021633812866639343,0.3096165359020233,"[0.8276, 0.2129]",0.4
extraction/masks/Laurine45.jpg,3.0,-20.332325882070123,3.0,-179.55141347105928,0.0005194744444452226,4.473605804378167e-05,0.00017459288937970996,0.01819111593067646,0.025228949263691902,0.000328890630044043,0.9555122256278992,"[0.7626, 0.243]",0.4
extraction/masks/Laurine46.jpg,3.0,-2.8205691524557586,3.0,-179.75320171890417,0.0017636576667428017,0.00011433754116296768,0.0003311143082100898,0.024654647335410118,0.14354903995990753,0.00039721216307953,0.8291899561882019,"[0.7961, -0.0556]",0.4
extraction/masks/Laurine47.jpg,6.708203932499369,-25.835939008186568,6.708203932499369,-177.89150742241813,0.0025271731428802013,9.15910568437539e-05,0.000406450912123546,0.08362413942813872,0.002240416826680302,0.0009836975950747726,0.9101265072822572,"[0.8648, 0.1375]",0.4
extraction/masks/Laurine48.jpg,7.0,1.2535110607221092,7.0,-178.71991545887073,0.9962060451507568,6.90820743329823e-05,0.00046271120663732285,0.0001073963358066976,0.0017148003680631518,0.00010253117943648249,0.0013374335831031205,"[0.4857, 0.1304]",0.4
extraction/masks/Pierre0.jpg,13.0,-5.887936934160474,13.0,-179.40734531179814,9.255395707441494e-05,4.9121343181468546e-05,0.0008684050408191979,0.9968949556350708,0.00018753665790427482,0.0007133058970794082,0.0011940973345190287,"[0.2719, 0.09]",0.7441860465116279
extraction/masks/Pierre1.jpg,4.0,-13.825287452248393,4.0,-179.22267296480928,0.000705217884387821,3.530411049723625e-05,0.011447214521467686,0.0015453511150553825,0.029889589175581925,0.0005717687890864909,0.9558055400848388,"[0.2477, 0.0881]",0.7441860465116279
extraction/masks/Pierre2.jpg,4.0,21.556195599461727,4.0,-179.3958975921892,0.0004207288147881627,0.00019178434740751984,0.8946181535720825,0.06121078133583069,0.0033688605763018127,0.017053788527846336,0.023136001080274585,"[0.3237, 0.082]",0.7441860465116279
extraction/masks/Pierre3.jpg,4.0,-4.002746675286602,4.0,178.57623512633563,0.0031306534074246888,0.0023951109033077955,0.0503704734146595,0.3526921272277832,0.5488476753234863,0.016230637207627296,0.026333367452025414,"[0.2024, 0.1071]",0.7441860465116279
extraction/masks/Laurine50.jpg,56.0,-21.743811096710477,56.0,-178.47085072751042,0.06659773737192154,0.0008531598723493516,0.2273867726325989,0.012892782688140871,0.025541694834828373,0.04388899356126785,0.6228389143943787,"[0.5072, 0.1696]",0.4
extraction/masks/Laurine51.jpg,4.0,-27.215411833011288,4.0,-178.57174600294468,0.004822987597435714,0.00024358404334634545,0.006132740061730146,0.008413753472268581,0.12572774291038513,0.0035241625737398867,0.8511350154876709,"[0.5066, 0.1903]",0.4
extraction/masks/Laurine510.jpg,31.0,-17.574166244025392,31.0,-178.93735551624255,0.12533481419086456,0.0016302259173244238,0.2608023285865784,0.004268577788025141,0.002789939055219293,0.6029015779495239,0.002272482495754957,"[0.5126, 0.1898]",0.4
extraction/masks/Laurine511.jpg,37.0,-20.13160825964238,37.0,-179.8829254594711,0.015253988094627855,0.0010489458218216896,0.033691231161355965,0.01539252977818251,0.2908374667167664,0.03009295091032982,0.6136828660964966,"[0.5254, 0.1939]",0.4
extraction/masks/Laurine52.jpg,53.0,-11.678620756083188,53.0,-178.82129332128127,0.0010261810384690762,2.8527449103421528e-05,0.993547022342682,0.00010176087380386889,0.0017383968224748971,0.002262222347781062,0.0012958120787516234,"[0.5221, 0.1924]",0.4
extraction/masks/Laurine53.jpg,38.0,-10.463879458704234,38.0,179.44824499339677,0.002783867297694087,8.851318852975966e-05,0.9617175459861756,0.00021399847173597664,0.0005584369064308703,0.034341711550951004,0.00029601799906231463,"[0.5284, 0.1849]",0.4
extraction/masks/Laurine54.jpg,47.095647357266465,-20.56043578169816,47.095647357266465,-179.6498718123815,0.0020102309063076973,7.411945261992513e-05,0.9569997191429138,0.00013871326518710703,0.00032236147671937937,0.04033506661653519,0.00011975428060395644,"[0.5182, 0.1749]",0.4
extraction/masks/Laurine55.jpg,3.0,-21.847495119414283,3.0,-179.70743085218143,0.0006723226979374887,4.954345513397129e-06,6.28445777692832e-05,0.00020594627130776644,0.0003652716986835003,0.0004049508715979755,0.9982837438583374,"[0.5153, 0.1822]",0.4
extraction/masks/Laurine56.jpg,22.36067977499789,-22.945974633224544,22.36067977499789,-175.5707992930771,0.0020060921087861057,0.00022827537031844258,0.056806027889251716,0.001309178420342505,0.001846893574111164,0.813196063041687,0.1246073767542839,"[0.3076, 0.1794]",0.4
extraction/masks/Laurine57.jpg,51.0,-19.32222219051787,51.0,-179.83124512207218,0.23508937656879425,0.00044110897579230374,0.7547054886817932,0.001465056324377656,0.0015521462773904204,0.0061246268451213845,0.0006222348310984671,"[0.3089, 0.1868]",0.4
extraction/masks/Laurine58.jpg,16.0,-14.297093863041944,16.0,-178.60805037693507,0.00015798203821759668,3.5117649531457566e-05,4.916116449749097e-05,0.9892923831939696,0.0005684293573722242,0.00011678364535328001,0.009780138731002808,"[0.7609, 0.2132]",0.4
